,,
,,RONIN WALLET
,1,0x44D7EB8e85ed059527C6B5304d9fbD241698fb6F
,2,0x93539572273c164CE0d1b9b74A7D4efA13e4B348
,3,0xc1b977A826B75a87b5423BbE952104BCEE885315
,4,0xf74ac06cad17005a23fa0c09388a8bc73728ad4c
,5,0xdfc30274626ba31923f7fab65a01ea4dbabc70ef
,6,0x89FBa962785c3785352Fa49b0De9B444C05aD9D4
,7,0xd1d69b89984708bfa065cb7fd257aba792ac1514
,8,0xA47220597958a55Df3F197A01914051Fb3Cb85F4
,9,0xce8b58883a9B12f15a95C075B559e4De839a5c77
,10,0xE6c8E998E24132Bf14418DD289C3968f92AfB7DA
,11,0x161Af8B2FdC8d08d58FF6bc35C8Ace587473FA63
,12,0x024208135a10945FE4Eb438103635e1E4Fd9a98B
,13,0x8931Ca48BC485c150B39cE71CE397F5839583223
,14,0xCA44E6673543be1304F35E074FAAbEad9bf68Ca3
,15,0xd8D5E4CFd195c45300E18cB99bD841aF46aD3A5c
,16,0xa3733b0ceb9f58f2d0b7f3a882c8d960e663b4dc
,17,0x8256eaA9BbA1455F1dFCa9fDf9eA06105dbCd6d7
,18,0x16fe84F91A546AfdF8F9049d8403c5F04592c090
,19,0x8F73394BF8Ad1a5Ecb637A7a50dC07ea1004b046
,20,0xD021F4ba3b71a0a77b8ec7d876fF95B7774314f3
,21,0x65fDE8c25BE53B6082422aFCf6D61E3a1089247f
,22,0x010B0d909a388A1D07500abB9372514766D85D16
,23,0x398bda6978d65cec31fdd26f93099d0c34e4e58e
,24,0xc9EAfD1971cd43565F2a35cd57021250Fe2c96d5
,25,0xbc064f2172c35462ad83536ab2f30f34336bf02d
,26,0x97e828d07d21c2626fce0a24236f72db5fedaad5
,27,0xad903Bca309988E26D255f6963BD90f34c9E501f
,28,0xe53898a11Dd21e2927379EA0d3ba49AE15080C9E
,29,0x4a1aC0D73fC8263F30fc3Ce0a627d4F222E8b052
,30,0x10875b0224439B0D50984776D06C11824f45D2D1
,31,0xfeAdEea517e89323A50B03D36c1fDeaF141c4005
,32,0xEa5F61035e19268A928b13b6896062d3EB9f748A
,33,0x6788c341afd9B38F6F14BBA5c30AA4ae8df0760c
,34,0x4DEb52a3afd375CC27Fee3E57833A2622c51e1Ab
,35,0x94d0626Af65AB7b3c6ac437eD3e6771F50442a78
,36,0x278F0a12CD4B3987adFA88e674967f24a3152Ca1
,37,0x10DF6439A179Ae529c9844e41019c83B26b93c1E
,38,0xa6e38Bf4dCa4EF1d9bF6Ccd63587E0f20744a230
,39,0x6F2b8C3eCAF087635024f3D38f0ed5D74b533D95
,40,0x13308397dd6fD4130538b02Bba561F9d94d63964
,41,0x7d567dEd7158A219BEe444f3aaF1222D77E4D5a4
,42,0x2a3369c21e19C12992EAE0FE36Fb8a61C6793605
,43,0xC1334F087131A9eB9c1E86819526F1023dc30E33
,44,0x158E20e3967Ed79E155c376Aa488e8D062c06Cce
,45,0x5C74A97E797cB00598c781a5160a719187e3E765
,46,0x2B57d87e4392BC6B332a4a8ec6bFC6526A0D9c37
,47,0xE0915f2965c77525e37812b6dE5b9B5258Af0Cc4
,48,0xFb6aa6541fF3Bd07959503912243f6B5F647b181
,49,0x78a9197c5c0053994f092d7a80784455ae9c456f
,50,0x39C09EE3a4b74B53978dB47866528Fe8ea8c61cb
,51,0x9d377D8fD4DEd13e52b85089ccCe2e478684eCe2
,52,0x06C6e53DA10BDEf223952f108A763B0A860910f2
,53,0x87EdfB43A004dcF430Dcf99089AF618320EfA60c
,54,0x3bB5713Bd189a106b1DF065cDc37a58b2f338975
,55,0xC0fD5E53C6a2B9bEE9f26137541fdc97d9720C38
,56,0x2Ef38975DC9A94FaB9fF8fEe7e07a1Bc82D33F71
,57,0xe16f893b66086CeF77548AD2336DaBE5Aa6943B5
,58,0x6a09F96BF1409933c16FDC866057E64f19D2Fc5C
,59,0x5E328f1E190cdBA38b5896eb63233D354229E058
,60,0xaEf0E56ECea0fB906e6208F072bd40bc56e530E2
,61,0x5784Dd9E90fC67f9CFA7aE99425F743827f9A874
,62,0x65444573FD53209d1dC4F348df921C1331029200
,63,0x23a29D92993119E2e194Bbeb48551af62B7F1275
,64,0xe5bcF4D05c9DbD2391B0310392D7ACcd46757A1e
,65,0xA1B7E4009935A0582829417aa14662c966f22D29
,66,0x83cd0b018189ad91136e63a71B43d96bfc28A1E5
,67,0xFB1268F135f0b50Aef5Ef8c34C18E8683B80a0ef
,68,0xc1096703AE404CEe2Fb9F34aAA498D148AcB9583
,69,0xF732cE6fC2e24fffBc4bC6fE028C71Cfc02BA854
,70,0x9569dE40b97f0ffaF48b7CbA25997cFD89CE99D5
,71,0xA6f889eD1E395e968194f13e5A9B4a22C77E1B28
,72,0xEc11461407e26CaB3C082bF452949Fb894F3e537
,73,0x27Af7ae99eE5caF0a6fe67EEd0758DE9BA278421
,74,0xC9eDC04b9f4eBe24643e19E482F5f6B739125702
,75,0x200B4f63d20FfcB4fc63EB09b7E093d06e3A62a4
,76,0xcab40E7F176Cb8E78c0dfD01FCc97EE7200d284B
,77,0x1e3F3972e644AA434F70C86F6E05e6d70B0D248b
,78,0xe86826A557f2cfa094266B65927629CbaF0A75eC
,79,0xb77788039Ae699670b06f33feE42d328c26cE0ed
,80,0xe9C8bBe127cAdebc05C73A1e59Fb6B81B35aCAB3
,81,0x2C1e598320bF32B9B2c50b8d7c77E8DA566d9226
,82,0x3f0E78836E5B70F015f004e28879ddDdfCE04ec5
,83,0x3A6cD853497d2c63354818c2E3556648150F0Ebf
,84,0x02836137a7Dd87461f02d3EB39a74990f589f59c
,85,0x4a2d9C2a68fD5A61e645553F4006c03622dd666F
,86,0xB8ee2CdE5Ba1Cc8f3193748b12510691B259c7E9
,87,0x761611834D31f110D8a228302c6F139560d1Fd89
,88,0xE4E85C0025Ae303d89372Bbb3954468534D23dB2
,89,0x14b655E7f212D6A39813cF1FCB62b328135E1FC8
,90,0x7d11e42CCADF9b39d3E247e8DE5ed4D2CA8Aa79a
,91,0xAAAc77623CE2446414c6a0f745DCBb0A515DE881
,92,0x45Ec22E1b7F2670f98C577Dea4657C0Bda32c22D
,93,0xfA2ECc1BF1c8167e0718ac0F750fED53Acd5b614
,94,0x84741b6d6b8e46d362fd5b9e96a6c2dadf228b64
,95,0x3Bb5582CCcB73d9a460A4e46507150911D0BdEb3
,96,0xACa7F19926724FfF0175cb164458b0DCf0d27642
,97,0xfe5b5fd243636adadadda93f3c5a289966cc70bc
,98,0x1A3Ee93f005e0dD5af4B2DAbFA092968985CE335
,99,0xcC1efAe332Ce70c01748AB47d76e0E56a2c5310C
,100,0xCE46194611D035Be295bA0E7176Aa1EEd2568c8D
,101,0xEB7ba40D7235f600d31609268339eCc5C7C9F6f7
,102,0x5bDd59bC804584488F6E015eD82dcC907930c803
,103,0xdb76cb7406a77908DE5a3006E8275F2cc65F1428
,104,0xB5FdEad0B57F43b4445928Fa57da65B77E2B6e40
,105,0x712C78fAAe3e97d43D106739CD2B057596CF4401
,106,0x1FD2bDc9569C452D64609d155084Eb89058B260c
,107,0x3F21841d60562dE4403E68994Af068Ad3685FD00
,108,0x882e3F503C29Dd44110AdEF73D929a3FC816B186
,109,0x589287744cc2ea31fedce8693b87f01b147f3345
,110,0xd3798DB9De3Bb589ACeab1c730e6064f3658595C
,111,0xb92dF69819ee97DE51D60D89c5E4B6a1F51F7e67
,112,0x3f88917c6d467F6EAAb42A14ACfD99945E389d9f
,113,0x94ec3DE33086E18F1fA7548D5C8C30505FB4Bd45
,114,0x36D278959e06D12B6B9b60A40A9ef7b7C30c4E03
,115,0x6ea0c5680d2cd7a4f2632f5eebe647f53afe2bf5
,116,0x4b11239Acd078b55A06aDf71dAfb04ea05518D47
,117,0x6B3a903965D5f764b3225c08745C73a254b47Cf6
,118,0xD84011dcc2268F4ee8072c9483bE5ff82aedf8d3
,119,0x3f738459eb765a9a5d9d9d6110563296836d4724
,120,0x93FfA063c7cff17F9877D71ecB16B669BE0662b8
,121,0x6836Ede8c8e4346610a997bD5250248BD4bBB8d4
,122,0x1193d945c560BaA864bD0071B863Bb259174a4C2
,123,0xFA3abE5581345b215213585eD2AcD3E66D2F447e
,124,0xb76da7B70D8f45d48c875DC8dB3289A621a74344
,125,0x64E81b6081032B696a91f289600f236a6453bf13
,126,0x960A57898De6da1BD26246e6EFC0847B3724A275
,127,0x5b2b9963d297dc31fec0ed369f0297c4799b0886
,128,0x436c1fba61f780A77d7621A4B0fd07F6BB03cdC8
,129,0x0bc61713d3f323dae21c194b2e68105f8548caf3
,130,0xEb3C1A74fBD50bc4a19E55ecc39E8aDffb3B7f28
,131,0x17171DF6391826748dDE4d700d0348Fe989A4B29
,132,0x0AD38924EcFE697A8D85819CD1Eb7DA6260d5241
,133,0xCC20EB279b60C3dDF69dFf3DED7DF62BF14c1ecD
,134,0x7de8c1e4AfA4Feb413EC45bB575aeC5c1E2fC458
,135,0xe4E0a9471a300d33Ba2D7b842dCc86e99602c9DF
,136,0x82035E5441d766dd2D2d7bc91Fa9036c404a5097
,137,0x28e5A29536BFE9E6D9297DC5a1Fb42653993F7ef
,138,0x30ca31d4cC75E9C23a40d9fA1ff5e63537A5C59a
,139,0x239417f89C3C41A82850eD4Ea17553f7652a3Bd8
,140,0xbFc0B8575bAc8e48C3D6cFBbFff450f22C9850C3
,141,0x2Ad82D0B4382D588244634Fca6D6CD99DC31C6c9
,142,0xc82C93110Df00D96230262705254Ec8aDf98377A
,143,0xbe298e7d6747b34e7334f07a2317dd2910f07d14
,144,0xf84f75e5c1aa99c6413d03269f8a45dc27effc1f
,145,0x1706c98E05e48C365f6AFc2600f096ee48134aaE
,146,0xCFe0c162A532fF183cbbf223B35eD07CFDdC2ADa
,147,0x768B37aa4Bb6E3CEE5E013db09A61825882c41D5
,148,0x2921F5a5ebaFabee5d1aa3A68611d96b8189f6f5
,149,0x7D65F939Cc7008f998594397FC3a1cC734A20F08
,150,0xDff2d5aB116D15569eC615562Cc3018619b9b777
,151,0x42d905A07281dbb2d83f17dDfc54A9EB8a375109
,152,0x5819a29818690037e8BEE1a6714DF103A40A090E
,153,0x1dF5b52e899b0ba53EA9Cae685f0b8A3852d478E
,154,0x73Dd70990A8AC257e97386913453EAeaB374b15b
,155,0xF9141b032ccC0eC55EC05026d5C8ab9Ed22C7eC2
,156,0xb83D56306Ca07c7EB37db33fDDDA4c2F99e4f1d4
,157,0xd3E9123219472cA817f22A5FD3B0De03bf3A067d
,158,0x170bc96ee3C627d5A1c03F7Ed8e576C3c783D9c7
,159,0xAf14F7803E0F21f1E079B72881781527d59f37e7
,160,0xcdFA2544F42971a0B069D3F6Ac963cBC04b8466d
,161,0xfc43ae88bf99754786079409c7d8498bb931e7c3
,162,0xfcd4fbd40e5e52e0cd86876af6ee385f1a66e231
,163,0x730a92c8Bc056980b67a2F6D6437cA048BcA2be3
,164,0x9f38e681f4a2fc653087f4a18f39c547c88c57a1
,165,0x9f38e681f4a2fc653087f4a18f39c547c88c57a1
,166,0x13c6041d1fDe84069D4Cf129da80B4C7095Bd565
,167,0xA5f2d7eb6d784b20a13584a75630a18CE214AA9B
,168,0xc0F2d6459c3A4D12690d31372638CFae2684D215
,169,0x0519861371532dBcDBA321DdC0E3108885f6E2FF
,170,0xc0F2d6459c3A4D12690d31372638CFae2684D215
,171,0x5cE0FDA6bCAAbefDb2A3e903eDA85370002813dF
,172,0xbF506ca223D9F1E7Ef61a47d909d685BFEC566c6
,173,0xB91c4a81a096908ec9abd8Df586bE392CD4A89b9
,174,0xa589E375562872Fa8465B890235567228B35063A
,175,0xD23c062ee885047A0c98056588F0592Ff37ef1bE
,176,0xC191A7A5c3ba8fE57670a3c43Ba9Cbef3C7F51ad
,177,0xAfcb8c942a144b875ae9C1DBc64ffB59AF13dF36
,178,0xd0D20328d76EcE954f928bb39b101AD30093A89b
,179,0x7C1b7B18DCfb3beDb294411026eb86B851077954
,180,0x0b9036600cbF2418857438b3acf87609832BDc42
,181,0xD4badeac6dF3363306767FFf4DAe98f20b24e86c
,182,0x341B9d86A1b0B93857aa7478eA146B67A55CEcbe
,183,0xA745FF4E25D2877804B9D16E91B4A06C9d5c4E10
,184,0x337D433f2FC28181E6740E0Beb7bB3dBe2582670
,185,0x1512A263601dE8babaE087675e1855d31b2cc335
,186,0x98F347c0Cf1238b62bdd64063385048E2D1B8103
,187,0x9D1b020E59e14C85D9835B1c1a7014B6Db8AB047
,188,0x1049Eed996FC5760808A92Dc10F00fadF16987A3
,189,0xB076FD9513239782465249d27A1Bd6313dd77de6
,190,0xd6f82D5d80733fA2239D695dB6f41b9fCD97e0d9
,191,0xB262f3e5E6ba7BA498982Fe59834613481Ff47A4
,192,0x9F96B5e2E6F953659ff67278822567FB0ea23fF7
,193,0xb561d39B2dcc455820173DB79BD7f77e6e7bf995
,194,0xB55E865F80B66ce0952DD86FA4D7Fc4189e08051
,195,0x008d339ffe36ec845d77a1df3f345648fae07bbb
,196,0xaD7f478Be4925ED395Cab765B1dF74A198dFe8dd
,197,0x71303E9bFf6553915ece6c1E196d857C48Ffe0f7
,198,0xc575c0785Cbb24f0B88a804445b060393fa8Ad3E
,199,0x9E3A3d4d30CD0Da1DcadF10Dc8E794CF0AA07932
,200,0xeb695601E2E5b8255FBA52bB6aE8Ab263f136eC7
,201,0x2888D9a455335FbBE6Cb5C73ae9B034E138415c1
,202,0xE302E7EC28c881C819E533337329F1Edf2018D06
,203,0xB011A7e7D9b8e4A3309A2D89Da24C94F4A8F7752
,204,0xD5D5af5228dE5F6247a7499441c6D11d363915ff
,205,0xcb1e5c887DcBD9c19a8850361D670BFD58aD42Cf
,206,0x576fe4dBC4B9f0881683fF0376a12E07ff5A899c
,207,0xee20640EFf5BCF69A6032ba245f6725741C4b30d
,208,0x8c43b8DC738247CFA59c42253582eB9825C98Cf1
,209,0xcb5079247ED34e163cBe48f05A743057e0020cb1
,210,0x00267047c17e7a64A93DB45FF8BcCA9238A76e8e
,211,0xaC7B114DdcF452C7399B974D8cE34f35255dA0Bc
,212,0x6bA70fd775b4c5725a131CB36819D7dF4e1cbaC2
,213,0xc79Ab49dC59c961FEC796729B4666e27e3F87370
,214,0x07f5dec18e4Ef7a1d6e6a12CeCB94c1244Cc5363
,215,0x1571529DbC57eA62BE33c97c8710a74E676C3b62
,216,0x42eF4757E691C2bDd47EB7915Eb8c906Cd11E417
,217,0xdb92f3dc090f50b74635efda838a3e66edacded4
,218,0x46E9B1AE4Fc050E098B8F69e58c009AA88c702F8
,219,0x4227d6b7a80cA3A98a5025f6544E435E173f2CB2
,220,0xBEC7c48266EFF97c8D4Df0ffAd21a19fe6ed2ca2
,221,0x43c027feBf865d3bd53A9bBE4415b3B4900A8cBC
,222,0xd303206ad97eE9B071f7609bd409033B2F87D35B
,223,0xF9ecaedd16ca71A500844d51F05A515f0849dde0
,224,0x318044D41147a938a14cB702c9859Aa497bA4e76
,225,0x4b7B77e67B113996b3ea5bC8a234c2C5183B375F
,226,0x8FFAE1646ABd6c139deDe03ac80D9D85737C9114
,227,0xBbF9B0fc033D7C48C8d871c92BDE2CDd5FD1e957
,228,0x8dbcFCcB46E94F6eeDd51Bc267d1e9d1450212F8
,229,0xbb7682628Be1e11aefAcB132D882e73F263E8f92
,230,0x5D511D3343B2E2C2C1244A3900e2fE65c78E94c7
,231,0x558f5dDd88311a9072BC93174a3f8741a59a6ecC
,232,0x897d4cbF9d1FFF76Db919e8c5BdE80ee927A850F
,233,0xd69fD97D7b84F7b88e7c3a058a47258813D9F301
,234,0x0EA2323e18bcA961ede3c97f9ED8af12f2712b4F
,235,0xe5a51a1230db318F88F8b8891bc4ce88a6d8F5D2
,236,0xe1986b05c3a876b9F68EF9276B342610AD941CC0
,237,0x1f726f12936d83bbfdf87f66D59AA513fCf4432d
,238,0x18Fc42159e3dE94B6F01b4d46AC7dD71D6bba6c8
,239,0xefC02dF413E08434592BBEAB3e8b6cFBE64a41cF
,240,0x950519224c9b6699BB2d859eAaD8aA4c4c6cB22c
,241,0xfD5a072684f77ece2370aC91578f7db3cDFACfF1
,242,0xF64Eb4Cf36E44026D66142E2D7011C7684fcd8E5
,243,0x9a29d26d4aEc2C8dE15254F3B55f77A0A42238c7
,244,0x045Ee0cfa75Ba0279fFE179De92EC8209A4E6dC8
,245,0xCF2F2BA48B07255E21308848D0fE5bE4cc527C4c
,246,0x82CE844E1ab2dfb5b0fbb12f0c541bCCea708fAc
,247,0x4C4c6a1D6fA864eC983CccE58a303a0e8838c864
,248,0x284e22fC71bc6921C389eEF3ADbC0827DaCFbD4e
,249,0xab2c56F0eDD5e44565E1716809dDDAd72Ec17702
,250,0x991d7dCd8966f704aDcF973F2E6ef4e10eAc4410
,251,0xe693AfD67103D5e870b3317CaEE542485423B797
,252,0x4e44cdBe4e63bf7c6085c5A1418A5eC837BbABe0
,253,0x8256d7251a30cAfA9d6726b7ca68b8B9Bc0Ea37C
,254,0xc18CEc1EA41610435d5258DdECb6F763F1b91678
,255,0xd8a5Fa70a23c3fA7415dFe842214D1E3a5af5f8a
,256,0x782cB3e8d0E0EBFA8567A4430E30d129540D32c2
,257,0xc615C71ffFf2Dc68410C95e6643Ae38bdCD236e7
,258,0x6a84c8c9ec72d5b3543b963ccdff39ca0bdaaaf6
,259,0xfb7c16CF5467B1e562aa9E64a185D4E9058685BB
,260,0x2CE39f570f0d4e7aACf6042aAE583dfA2fc5AcB7
,261,0xaBD2befbed790B2C5e8c1940920b82962320Dad2
,262,0x23440fa526ED5bf474d76e0d26bcb0C40C82bB79
,263,0x6c82922e91812f95C2B553a5b68b24D89b894A67
,264,0x9034F65bB54de446748aE0F2Ccb300D1b0D2E603
,265,0x149deA64d91d58Ac354e1bb0bfBbadeFDF053796
,266,0x16e508fa32a10599cd7497cf4f11dd2ea0fbc98b
,267,0xA26ac69Ea659e34Ba27dA594FD6E69B166b46e5E
,268,0x3cff0f9799d2590c0b1dffd0b2bee2a91dc765c5
,269,0x010Ff65a8F133fa864c0fA2206756A2d7cd08986
,270,0x28a28eF8d54Cd3f50Bda9806FDD0Dec7c67AAC26
,271,0xBD32300c4A41B7D6a17Fc7f86C8A03DdDD3e5E0e
,272,0xf72CaEA2A77A1dD84C9680D5CeaE0341C13D11ac
,273,0xbFE6CfC9CC70e4211Cef1adE2758d7F287daab77
,274,0x0309392bBad0C55A35348623E22f26D5792C5CD8
,275,0xcb454Af80918Dd5907dAFe14D5D6874e2f263522
,276,0x68a850fE546e7C8845Ef509480c2d086dB12E6b9
,277,0x79F5bbcde34A979Ac3d1c9a6D5C98480cF7d2B24
,278,0x0ba3404fCDe62191381BBb8C49b5306A78058727
,279,0x0919dd1DF6C05D2363a22871c542682610A496c2
,280,0x5fec2d7c04afa8ba1b82ee5c77670b1bcad831ed
,281,0xc68c11013BD088F9F228E5356D7b179469C4dF79
,282,0x6E1aA299432A57e622A2f4514BB6e306Ce07e53E
,283,0x6ac41A57484eAFe45f77F0d713223c16C5233Bc0
,284,0x5f71069211F9fb10fa25ddce2FA383710517f659
,285,0xd38fdA7271e8746eD51d88c49172eb697053d60E
,286,0xb444EC00C0D3A5d750aB92D10f55089B1849fF7A
,287,0x434e2635404B255B1514bC63a460634534A94587
,288,0xc5B340Dca01f7121729C42B448D0F9D2D9955296
,289,0xFC56023d2aA1DbDCDf5A2a56832fDF3036869042
,290,0x5714b659a3B38Fe70711b680894Ec5fED144D422
,291,0xb25078139e2638527f04e2096B1daD78B81C51AB
,292,0x15e1EF313448d2579fD6bc83AB57F2F1000ADcbc
,293,0x563E4d46Fbc59d039e9f8F7BD3235Ffc2c09088c
,294,0x323c80a3cd9f77851654Fea484C5F369137BC4b7
,295,0x934e9ff33015b776A6Ab6516d8A24d21cB7FC191
,296,0x46c2B98838a7D11Fc6118a55Db276D5439b91A46
,297,0x1246234Fc14D1Cf13c6FcEd62149a239df115167
,298,0x0E97A93AA2219702416F136Ef1306087d3C5F9cE
,299,0x7CB463Fb6249767395E39295374c4F7636463825
,300,0x35abe23F300B3fa2D69021ca71DDEe27Ea0097E2
,301,0x16F6d67276bBF8B7493ca26446708090f4bb536E
,302,0x7aE9fEb90eAb134F76eAabd206B8caF5cc4d162D
,303,0x0ae2e3e92c04cfe2290471fC424d5E223500F3a4
,304,0xcD5599699C1DF0EEa734e43E60d3F1646955B918
,305,0xde65760771fD6A2df78791BE0d257189899DA27e
,306,0x2953E2AeCdb3ce1AC30Fee84bD71Fe4690F745f7
,307,0x0D4968cB1C8Bda85CE494386A7060e7B89554E2C
,308,0xA6120E3ad4c5faaC77f9De55893BfD77cf823Ad4
,309,0xAEf13f1a124b4816dDF7F671b070bBA7D41d61c6
,310,0x07DB7616d50e9B29Cf054442F09Ada4700D44a27
,311,0x760a99D9aB46068D8A9D89065a7C71a7E9094B6A
,312,0x4014B6e87C93b849CEE4710867D487628a3E8cc7
,313,0xCe22b811a35914D305410c51a195ee76fbB6b2c0
,314,0x01Df83E0619F20De63114aA913a5D5A95F3eF6a9
,315,0xa6E1b2a33dDEa93Ff58D7a4100cBC257EF19D53B
,316,0xafC4316ad6a67dE595d4765932db78eDD4207319
,317,0x05C5A75733ca34Df15E6C12633915E65361aD33B
,318,0xf0D0822b3A60147225E6762bC319092A315cA61d
,319,0x2c4ba6268e1fa2cf62452c6ed0c8391e1b03edcf
,320,0x1F9595167A73265073c66800aa9A3E4CaAa14cFA
,321,0x407A88C748fb0C310d657B985d783EeB799ba2C8
,322,0x940Ae7e3E4aEA2FdA78c70C92940fc8f255746B3
,323,0xFF106E75fd78B107e0c537789228317a3599B7dd
,324,0xA1d6fA87069Ca08D20fD29904AC7Dce36dbE098C
,325,0xEcd8cA36e75D664CF528DdB9b80d674D4bcA3507
,326,0xbA12182166032e066DC0BF4031CEf4e8Be82217B
,327,0xdbe51232a1dD4da9db0d406D45Ee77ccfCf22dbF
,328,0x1541D398bA63E96C3D066a30B6980e734E080844
,329,0xE331E582bE72F3f8Db729c34F05e7C6E5325Bc3d
,330,0x51D42c5A53756945088480AC816e718777d53F9a
,331,0x526686bDeBc7493ef215E9032dc8ABC8fEe9D9F0
,332,0xcc7041C9B8E7C514A6009492fa650F83622709B3
,333,0x8EaF4E537933c5Cd05ffb3cb601053Eb21042aE4
,334,0xbC3D3E185F07AE1D28A270fb722798C83BFa1254
,335,0xF2b27F1Fb28EaBdE9aA8989A3112EF7A0E125Ac4
,336,0x1169416648D3B526C0Aff3DE4EdCA61eC4E48F9D
,337,0x13c532412ac7c413ccb87b57e48b224d5015700d
,338,0x39cC23e4BA992673B8d8441db4b5048bcD3c6aEA
,339,0x0b683c39e5520D229a36f7eC6A4038588594b549
,340,0xd77b146c58f6C47F8ab264F5b02813d19BDC36bc
,341,0xD2E43A7975986f0F47329026dDC6537A63bD2C9D
,342,0x3a5e1C2b452084037b6b9D61F6e98a3b5a8EbDCC
,343,0xa939B2046b04904a60B948116C9DC8764c6ccA02
,344,0x071920fd0dcb6a69903e316733885d48759c2a49
,345,0x7de1077682D95Fad5Da4fc83fdfa2dA3AD8A0876
,346,0x8f9730e3F54a3638Fd4Ff60Ec2589647DeCad258
,347,0x4de5F78d129b3Fc0d0D24A6A250168e245e5bE38
,348,0xA1717594276430295e750D3a77A3F06Bb5397296
,349,0xdF059ff3BF98Fa2A07ebcF86f6e97CDaB28039FC
,350,0x6e997bFb173270D2829d5496aDa41151A8483506
,351,0xF41ACea43BDeE29f0f3018ed5dF9477e086083A1
,352,0x7eef823545D819Ad3BC2773550714fDa248e230F
,353,0x7AD2C5B9b9DfBb834a1786405c4aE92626209DA8
,354,0xdd2B0be88312F13ccf72202b849a87020d3a8928
,355,0x7AD2C5B9b9DfBb834a1786405c4aE92626209DA8
,356,0x5cdee2EB296Ba66966FAAff8A8b06a9cA4fF6B40
,357,0xE4c226B08627454188180a03Ac78b41BE070249e
,358,0xda6138fEde2C0f49F162710C7F2536F6c7c95857
,359,0xa524927155181E9Fac4eC64251235dB06163Fa6A
,360,0x7E973CC9EEdC2dD4c9bbe0Df1b84AE954b1d4439
,361,0xdA3017Caf196F5cD70D78496AFe65A34eC37A469
,362,0x8f024fFf728A0c174dA0F308E264aAb48983629E
,363,0x0DD5B9788E68a50Fe55791811F1265C4802913e6
,364,0xd2dE510a9D9fFb8a3be68FbB8225fEd3680eC7fd
,365,0xFc120343310b71433bFD77D429033DaD926e7742
,366,0x63cbC8B6e5E327D604485414Cf7105A740625360
,367,0x25590058dA235cDC6765cb0cD25274724bc374Bd
,368,0x8A2A8F875022Ea404Fe750a9f2d346572f9eb126
,369,0x0755FFc789953e9141f0773F6137cF97FaCFC866
,370,0xd0B42deB942A29752346d74B2a6dC9954c4997Fe
,371,0x371E9C2015CeD79F0cADC6fa100FeF3d9CF7cfC1
,372,0xA5fbeA8258C1993a6d552C3036Bd7e66D971c0DE
,373,0x5562Dbe6A45480354abD9860cE5545a0C4911033
,374,0x322D85b79E619573059c9d9DCB929649183f42FF
,375,0x1BAE4c798e1eEC8f7931D902f133BCA075Ec07eE
,376,0xdaaa45f5Cd98914289CC37DCEf2f5362C820cF43
,377,0x35993C01D9409efE8F2dd0a759Aa2FbE73dCfdf9
,378,0x6ECd603bBbcA24a7eAC386Bb118Da7E9cDC8B93A
,379,0xD765A5385b12Ac1e80B165d095302f0391a87871
,380,0x0Ab84A3a31434d8C629Ccc534f3B24F5C3EB01C7
,381,0xcb73b7c680c05aDfCA17C9285c030E7Eac98A101
,382,0x71CBd23533fB6dEF9085DE39656D3289181eFC96
,383,0x96E7C7afE11a3E20E56aD1806D89f0D9B74C0E03
,384,0x65052A59fE7A6f147edA0BDD11B72a8c5A67e2F4
,385,0xcd67a2F9Fe62998608B9509915c6bd659C2Db531
,386,0xdE2ca5F89D524B8a2DBdacDCF473A63dA008871c
,387,0xD13E549A4FdD4a1305ce5AbeC2Da086b44e58eEa
,388,0xB0D0de8a403a3e946235904ffEF3CA1456723f86
,389,0x0B9d5F14BA6571A2BEaDc5E7bec465ac5A266D6b
,390,0xd6c4372dc6939C4ec6f3D8A7c5703A5ba2C1E722
,391,0xc54600497066467F3f98930Df05d6aE4c640AeF6
,392,0x65545164B929308300601ed42618e3ECa5105d51
,393,0x2018AE0ef748BdD4dcC97Ed42d56FFAff4f1939D
,394,0xC4e8fb04965858182453D1CA5cEc62d5d7F58B21
,395,0x0c6a11bd8a3848F36aA9160139Eca2dfFb548e44
,396,0xFb6e7eCDbCC598C91CaB849EB0CBD50451754619
,397,0x5Dc26C1fEa681ea256C428D90D941a0E124Fd21B
,398,0x690Ee9C73eA584413e2327a4918540f402835Da3
,399,0x1728bBD626eD5b45a4bAaE564281499B8A7b63Cb
,400,0xdD55FbDd29d617BE70d8FE694f2bE42b0EAE11f5
,401,0xb3febe45AA12F33adC267B78c90E76a654f0ddba
,402,0xD2962B16B8008a170FB0258435A9Bf79C24Cc83F
,403,0xC67d9f29892bdbF6a187017fEE8F70cB3Ca5B95a
,404,0x29e6bA02F014400F3FDe08F78822F1468b157595
,405,0xD9eF52D5630a14ED8608d8D6fF8FFfE3D01a51E3
,406,0xa6ed9F83312Be25aCe7c7741Db3bAe1D2daeC32E
,407,0xF7f9B4404E635718D1E60636a5e2D240703199b0
,408,0x80d6235904449e98BFa39ADa8012425A91431A78
,409,0x12D15fD226289C231f504Ca1D41e05d14Adf4178
,410,0x5456B7Aa3dCAF433eCe4565Fbd10Caf357a64fF5
,411,0x34BBAF3C9555c72Ad0704a32e3aA3C8536ed1add
,412,0xE3d84BFf7A36F6Fd921FF9ce24410Fc9047d18a9
,413,0x9C7138e34Fd251BC2725F3FB6cFde0C56565f41b
,414,0x58B9E8114ff5594E44FB7A8143be34e65D39d9b8
,415,0x6BAb21403cb2649883599340A28f42f2Ff639f4A
,416,0x71a88960Ca5ED0CAE9e9480637DfdB9621F2F634
,417,0x04296D4f4a35A9d78dE3d091b80Fd6AE2DE2438c
,418,0x993610C27d66d5c6Efb876BdbE54C3671c990658
,419,0xF838CAfFA98aedd6D8fe684a2EcF10AcBEf42E81
,420,0xA6944bE89E28F8Db63dd248F9438C487d6DFEd88
,421,0x8b61Cd6315dC726839b9d45475c33dab7f259E7f
,422,0xd6a3ce8eac538ed645cA94aD411D0e4a66b6192C
,423,0xA33f7D33aF713b979B322741c2963c8d8B85bc16
,424,0xb6A9481C7C4c096c5b8c6d980f11C9BF6bA745B6
,425,0xAE224cbFB34563dfc9427a05Bed5460A175879E8
,426,0x2Fe3861c9AddbBEbeA06ecfEd5B0E30998Ff2323
,427,0xcB2Ec4a220E0089Db349e163659dB3401797ac38
,428,0x756A88628002fBEAFC3Aaae25e6Cafb97a82B553
,429,0xA012fE0e48b6ED712E8367633dA93e237fF14219
,430,0x76CacAE30dD15F1CeD03Ac273Aa553f412CC97a2
,431,0x2DDe3c01DEc0D49278346fBFF172e944260bE66d
,432,0x903dB96D3C4d13f5D7E9A9d3b95B5076666cD75F
,433,0x1150A1C80eCA1Ea8719e659ab4B5A459Eb326a62
,434,0xbC67283eaEf4B867fa83C63568448bE7196D1509
,435,0xF62534B905c6f30F85B409f3B4AA5aBBba0d733c
,436,0x6f0Ed46bC1be7680D1e09Dd1eAFF9D30A46D6dAA
,437,0x1C3e653Ff37B2c00E63Bb3DeEB47A1DA72BeBC48
,438,0xB57e04A07C86B360BF9d2f543F1F9562b2910e2c
,439,0xe4289CBB7F9813e4eC69185c805921c9c78843C6
,440,0x4F8512AF3821356c555D5A078eaa55318cB17603
,441,0x2C8f4498e3a735e8e58a21e3020FB5cFF192481E
,442,0xF145139233590e89cFf8FCBe1D0BE1effFde253D
,443,0x71a8a4727E0cF3b5897D2cCe263F2ad086c10D63
,444,0x2dd9B8f2e3f356F576009A30895c9C9E3D5AD208
,445,0xe33753880Dca4C9A0b53674778d915B34Ed1bAc3
,446,0xEA0b4c7d663d0615b4fadF8c9Ca02584787a2750
,447,0xd5553fa0CA7f0Ac67a709a1cD212524843A8d9ba
,448,0x82938F6fC6a9Ae54ce3Cc63436042915269491d1
,449,0xE60F4cf68C94CbF1cDB1006Bb059174751a28dfA
,450,0xfcD2c13209425Ea92524318D1eD14d507605ADC2
,451,0x007AC6332BB1fcE468bD2363105919FfD151E3C3
,452,0x08955E353ad7BF7fF7cd83023ae64f92d17cB8f9
,453,0x48bF3922102ba728440FC131D9a3d6a7BCC5E499
,454,0x4db27aed86c3b653dffed47efc3b488fc71fc900
,455,0xcc616eF8fA09e7d2e5B2Ecb103248527393A675D
,456,0x3e9fC015a9776b2694F602Ba6BeEfA76Ef6Ed3aa
,457,0x8EaF4E537933c5Cd05ffb3cb601053Eb21042aE4
,458,0x019bccAf97A1c608C599632d1685207C1ACbE1B6
,459,0xf48050350d1F30076E1749bbb3894DAc2Be29fe5
,460,0x9157234533b05B6648296bdf5B8a8E22C212d1C1
,461,0xa2c85ec2a3C4c5604c9479395C69292D8fC588F1
,462,0x775fd1c03d738d5eFcD96BD5D1A1AE228826d989
,463,0xe5b47917485319539De56C835FF959F078DA6045
,464,0x5567b9009Da9B703035C4BBf51357512B383169a
,465,0xB2c54e7a5d0B22B317B9e72170b33BE7c8740Bd6
,466,0xB1054deF419f00886891e117E75aEd67c65C761E
,467,0x4ac45ae98a8320764feb9b9c3cc67601068383a7
,468,0x94A7Da97bE27C157d13D1483583A9725A0661C55
,469,0xEa9d82470837940C80797a47084Bd089aB0f2A6A
,470,0xa86d37dEe0e6e68723497EB30DEAfC565634e603
,471,0x729296B588f05af2D53007896e24E6E4B8Af57FB
,472,0x87D90973C42570164EB2757CF6726E871E3e01A3
,473,0x9d531DaF529667b6eFAaABe55cA641E0E2eb3fEf
,474,0x766fa4b708672116e0b9F3Caed55acaa908C08Ba
,475,0xd3CD6AD2c6821A9882123b451AB1a9F9C6a029a0
,476,0x5231738B50B03Af0CF2d319d5c01836Ed7748C42
,477,0xEFa468aF9679c4af4543a0b7764ADB61b6Ef4Ce8
,478,0xb3A62B67538CD51BA3B817552ef7F903658227F8
,479,0x728fe73A043bedeE2691EAb9055b9EbB401E9334
,480,0xfc128Db6a839F42EFf9a78aDAD04Fa74a7e02273
,481,0xB2968A8FF6747936D6Ad5414bA1385B6ed26Ce2C
,482,0x775e317E0E9c0F30B157A2082428d34Cd039292D
,483,0x70C389e375798fC877B61Ec1591e7dB6a3D77FaC
,484,0xF8b47C18BE6D304AE28358c71Df389d98c5b56e3
,485,0xaa7c417D8F85745aa789eae2864537c6cE143Bf5
,486,0x71794849D0E6De5D072124C282e24998766BB85A
,487,0x194Eeb4A1859027DD4b41bCE862d2E35e81A1f52
,488,0x02eCE05EB3eDDA22eD1F3FD3fF6Ff84611B12CC7
,489,0x45Ed85C572417AdF3D8F294d1d962CDefA650C73
,490,0x97FC92f2c74607452132dfc50197265EF0b643ca
,491,0xDFC1224909A26BE4030A4F9F5DD455c2726660dc
,492,0x6fCe5Bb12D3adc1C14E47Cf9EF6Ec0D9409Fd0B5
,493,0x00B16dF1bD786C3B70a6c117B48c3d89D0600946
,494,0xfe044a45e50c2BB83970F53782e7d56BB8924B05
,495,0xB41954Afb102E0BAdbDBAE00f9Edd1d7207a461E
,496,0x6a50e61dFd36e79273dB7cb4792cdB6Db78792F2
,497,0x33e8b64F427C0F460bB2Ba0483346f1AEDD43CFB
,498,0x50A65202365df483B4C01Ae4dd048AeF31C34109
,499,0x5463B8C14d83A84f2f9d96Fb6604B4A7A25A8541
,500,0x373d5e8DD482263678cd50D136681aF5825CA944
,501,0x9Eb24a5864BC559d983728b5FEbd3F8050278b9A
,502,0xBFbcfeFD029E7F7F14DF3Bf7Ee1CC72da9aF536C
,503,0xf112898DCFCD7D949622b3FF53d04c8C62F177e8
,504,0xe5B5Ac0C9b1DE2A451453fbce3c77f962737d7d3
,505,0xDeba1d1e6c59Ba630Dc33a3BE936f16907270373
,506,0xdc0bbfC3dC7A1CfEc9Fa9270812D1a81f464c9bc
,507,0xbba141B9661f37377F43069C1abeD95D3C85c674
,508,0x622670aD19A268a7ce53a38FF072B56fA5E66025
,509,0xE9f8cB91257de4619F2593DC95A235B7f37C87E8
,510,0xAa188F25A1Dea51A33E757d38b8077F349054a6a
,511,0x870De9B6dC905659Cb4d9E161Ea03fF149042576
,512,0xe6DA8406294cB169D9d31dEBcC846A730349394c
,513,0xD5942C36CbDadc1843025Dd3EA639C79dC4D8445
,514,0xaf02c320545c947407C6d97fb9358d47Ec273E62
,515,0x439e49cfe71aedf42eCf529628b0F6F8Dd1FCc2E
,516,0x912f0402c005ef43a1d5202deB9c6e7d8178Df25
,517,0xa75a15F234261702915B7D09C4B58e1C8e589782
,518,0xcc7041C9B8E7C514A6009492fa650F83622709B3
,519,0xD2De2AdaE7F51c92f2A510c75b902d8840ead090
,520,0x799041C5c0ba24038b84A2Ffddb242474B7783C7
,521,0x1F4aA384840F8CC77B558aB72f2E3d0f801087E9
,522,0xbF6267AE2ae2C3fae0990C553a51249b2c579232
,523,0xF3F542F21Be91db265A30fb218CCd3CEB69ee999
,524,0x75DE0b19bBCa5048FA793B159C99f792609786d4
,525,0x7Ad07FAAD48d58a30ba91143218ceA5dE29d7902
,526,0x07B6710F90c27fe3DD4a100ed709838fc6fa9C28
,527,0xA469D8510c5e5F4Bf60c49a474a1f9A147D59013
,528,0x17371B01D388e3c690182930583b26d87336c0b4
,529,0x00da23233D905BF161fB7A0C37f930443D621D6d
,530,0x336b1299D995aa6baec8Cc5703a775DaeA49aCaB
,531,0x27D55a3AEC225A9A16dcb3B7e414206335c22D9F
,532,0x3729d22c26abd4a1b9088346b305d51450ba11ba
,533,0x6Aee9cDfdF10D7955b734D5A5C4468831108231F
,534,0xB7aA6d1e82A998CCfFe6273fDE563492317DDFc2
,535,0xeBe9c95FB95879e217573DD10a752BC98bfe95bb
,536,0x15d11B3f581C8323820160662e4b7fA7e0e32b16
,537,0x745aec78a912172faddc90e3d3e219c80e6059b5
,538,0x74134B0852ea19B0A0d761D0CeBFC0b7B3588E51
,539,0xf24E24A53562666AbB7D77Af896Ced243cCe99cb
,540,0xeF245e48Ec30f784707796A75f3291D45C9B3A21
,541,0x46C6685f86DC7A9fD220575A0eF626ae11514eb7
,542,0x1255060c9BE3630EA9709D9E23C4A39fB7039E3E
,543,0x92aF34ebF42380120cc2e5e289040B1236F171d1
,544,0x1219f527b023374EfeC79951D763167D8b2EF945
,545,0x631Bf6Ca29eab4a79899c9BF0EcB5c9Be87bc111
,546,0x90fF36e23DBe333a5A99ED21057aa3F4a941c252
,547,0x3128DD9bEd06d7C1765FB63C107A82cF59CCF9B2
,548,0x31ceFAE622e2147Ffa16EcFc77a3f74aDC2FB52d
,549,0x04b0EC866d775916502f11179FCb1d6F29711A00
,550,0x0C86CcE1e196473CA9366f47eBcDd10EAE1F9519
,551,0x29057b69f430fdA7E361A9105b29e12FCA9AD0b1
,552,0x9371E5F0eE3ce6c4B1866585C3512712D9368204
,553,0xcf9E7A11CAb72bdFedf9c6fF6eb456247188Fe41
,554,0x05d0f6E1Bc83136143b09AF0AfD7E3548BFBD0a9
,555,0x8cf57750079cF8ec4886eAA2bbec2DA7956794ca
,556,0xDaaDD3e0596233675fabbCbbd8fd5F3a19146f55
,557,0xb76E517D1C7E2EA6B12f1584b7737F1bb12A8625
,558,0x447e0c81E4308bDE233eD8bfa09986315d763d27
,559,0x19aB870d358D53A735D7Afe444c89a9A5265dA67
,560,0x7e43c6438415E210d0fbA6f960802d55bB0Af054
,561,0x3fd0505ed64DE71609Bd52E1C08B64269beDcf69
,562,0x0B8E8fE1D387ec51208302d46C79afC00a084030
,563,0x4b9F9F8a0FEfc1bea3c5021776305CE103a0B602
,564,0x6ca7BD8a93a4e8Fd4329cE051358568f4d887ec9
,565,0x9036951ee9EB9f4569119b47FEf477Bbe80Cd432
,566,0xb93a7CEe5818263D0a168F8eC9F1B24E0234E612
,567,0x881CCD310dc53203ABBa885a584fb22aa015EC19
,568,0x4e8811591296EDCdE025B23d87A45762aB3E235f
,569,0xdAe2DF7f8fE7Cd821C7CE1C74a78C1c10ac5778a
,570,0x2C07f92E4e821DBF7926aD1Efa4d35A52487327C
,571,0xf15304c1Be1c784Dd032343e81d6CEAbe3f00856
,572,0x67A89B257B7160bacd13d140992c9A56D9560D42
,573,0x53C5664E767ab2f057746cd435245981165E71F5
,574,0xd7CF52D23F03AEe1d2cDFDBa944dFF0fc8b04Eff
,575,0xAf600905Cbe29FD45f8003C699785c4038D11611
,576,0xC5dDf7b55821f9419EF101036c17491c079d79E0
,577,0x5C7B6314900ee77fE13acbFd12E9b94D82fAfd83
,578,0x734f9454d4150FdB9b2B38DF15aA0bdCD4FFF88f
,579,0x02bd8Dda4DdB235AdCD053a08CD0D10B78D1Ce52
,580,0x018E1B0AEf3f6BaC1192F94BAD080a833381EED8
,581,0x5B1C40547b50E316f53e352CA011A3ac9C697195
,582,0xfFa96E1762131DF47Bf905f205fA9F921eE23012
,583,0x16adFd046Ed56Bc15b114ce97AC19Ad9147CB8C7
,584,0x8d7564Fd59B0A44610E7baE907eF86D60F4b71Ed
,585,0xA5e0b3C305017222D41A328619f52694FFB619C7
,586,0x52A25e4129D3F68eaaEeE78CAAEb2f473228819B
,587,0xE74B2833635d19155CA6FB9A1AA399b7856c4a8F
,588,0x5C1B32593A71548291664256B64D3fFf7F0061dc
,589,0x6Cb6a094CA0F42625B851df54613E325075Ce271
,590,0xBD06Bb2D40E0EaE03e1532C86c52e1D52CE87E41
,591,0xe20246fC6657fCC644f394Bf7F98c88974432513
,592,0x5Ebfbe77E1b66118DCcCeb3A3F947805B44c9b6d
,593,0xFE3288e6EC472D0F41cE3063D324969872E00a7d
,594,0x1Bf484933141089D78ec548c50912EB341DB8fC5
,595,0xDF1F340426E9D1687C786f0B4c25e33477F35525
,596,0x053F71FD06Be734acCCC5F2100579823D4C0061E
,597,0xe026a71E450d1AE764DB35610Bb4854582d9397E
,598,0xdEeC5826B6352ddeAAd81A2F529553131C8Dfc97
,599,0x17e9CDc96a9d3F39E194e07ed2696Aa0D4B232A4
,600,0x2cc5B398a0aF40a3b4c8a88B38f202fd257579Fc
,601,0x66Bb42aBDf4E277b6A784A10478C921D3d35E146
,602,0x641bB3696db2971e858f70a0C3e136991Ba29ed1
,603,0x0520a32dAc1257aA538ECA23d4640672B91fa022
,604,0x09E763608Ae2D9D264460B9c9c2F245D778587f0
,605,0x8F96533B48E807129920d67107f0428BbD19b819
,606,0x6F1F1D0D80ae4e94926f59252814635e4BaF03c3
,607,0x219FF4fD3706de86D1D7049edb62DB658Ef0EDE1
,608,0x2D9A51D0290f725229EDe7f21E87aa506612F3d4
,609,0x3f176F5E900838B77F44ba19afbC4cD5581Bb75B
,610,0xFde812514CF8F0656Ac7F4AF7114EE0757B00Bdd
,611,0x285b83Caf6b90c3D679242b8BdD94Cd0Db0fecA7
,612,0x43E87517705962c34FD4e6D564195122e07B52Ed
,613,0xB55543928176784E440A960024dbAb6CA0f90495
,614,0x5DdfBF1937801e0238d2455D95E38f2F53Cd50Dc
,615,0xd6f9359278757ad549895C0F96009506576078eB
,616,0x407A88C748fb0C310d657B985d783EeB799ba2C8
,617,0xe2966feC57448046e083F4BB4147B04edEbbf64b
,618,0xcc6dc47710e00cdbbf910289354ee1cc76b3d4d2
,619,0xD984eC757f8ca85374A8d171F4CCcbc60DEab485
,620,0xF360CB0e69F0e257fc531443f5Af247558a852e7
,621,0x5F873B029a8dA7d87b0f2407EA6a747207d3ee08
,622,0x2923aa6B462759132c34F657122B4B0f3d8418D1
,623,0xe13978DCEB4ffaE27760E180D0C3Dd8085fF6f37
,624,0x92B390df3c359Ba9B08d675F77BFa30941Fb9dea
,625,0xA0c8b46c97c451A657E02E76F13e1Fb51ec61084
,626,0x502aE322b7c0987899007FEDB85d1C7A4453dB00
,627,0x2ba32809b0874Bdc318A942Ab1bAF63CDcB1bb0e
,628,0xe1faBd12A41e3C45e0015cd4C9A71933DeFD4bb2
,629,0x780f13DF9eDc0b0C056aAf0e5f29610279223B4c
,630,0x46B46f0ebcf328020Ac5ff86Aca28a6f86b23aDa
,631,0x550E22f849a60f5Cc4984cfEd74fbbD943E5C8BD
,632,0xFc6712919Ab9BE5526bB624C8c0Dc89556C8FF8f
,633,0x5a22ad7765fab752cbe4042b8f4e2c455e4651d7
,634,0x82E01173328e8e443e87B93fa7E075F9d915D95b
,635,0x201eB13A48aF79c2D48aC974c9ee75784347BEef
,636,0x65929bf2eb7089a61103a7ba0ad7ce36243f6d6a
,637,0x9969316714EC99b762456Eb042B5a9e3849a467D
,638,0x357C693A6B5bcA638B587D0db162aF9Df970A734
,639,0x2aF3c96634B31E6d3480b3c7D42C69244c58a68d
,640,0xD6AaC2a4281F7b2848aA2FB5b5D3aBF25d9BC904
,641,0xD79C86Df31dd67AEEC078e56628DA6f14777FB0B
,642,0x59d50647a41B01cc1c99598f206e9410774454ED
,643,0xCefd7d8a651aB1b1beE6E9754751df0e3ffaf379
,644,0xA720238C004be23A821418c2Cb17c3bD5889fb87
,645,0x73A0d98ded544d1bdFC45aE99ce39AFE3796ddDa
,646,0x14c74619d2713545d47e9E1febDea54D27959256
,647,0x486A54cff943DD07bf71A01a6360238eFE1B3F08
,648,0xB576E18979cA32349839985d0C644cC2Cc90C79a
,649,0x6282cA9d51685a75bF95bC3f12D4A66917EaD219
,650,0x842c8Fca259eA16f34587F20df7b72007e50beDe
,651,0x93c52C8BEB3e8D553d32e8cb4EcBe2258e682F1E
,652,0xC24769B56E3ad10eC5A44941777a05379A6C118C
,653,0x8B9D1dD589d5E6786aCC34e8e678Cd3F84a1EC61
,654,0xcAf6bCBC5F7aF2b38ea57eF2349E81BA7F21E789
,655,0x8Fb4C08d902C4Ba250c3Bfd4055a66a2f7764E4D
,656,0x4aa5966046f2daB7080331A0a62068f17fbA812a
,657,0xd774a3B31f5645785dd0Bd3b07BCC76832E5AB1f
,658,0x576107134eEDB745e9f06C21A584b68F7846212D
,659,0x18BC6eED2a598a5A990E6c02189B39518DBFE6B3
,660,0x960F674274C473CD7a96BB9cBB7caF0cF53aC275
,661,0xEEBa9bC5571b43F1CA69fF6B34B5f26f8B1b2151
,662,0x88bFbb35116a2e1373f56D4505Daf8f68656729F
,663,0xaDE49aA40739D04E891E1427B886dE2075a13CfA
,664,0x0cE5A50Fe9EEFD79ba0312C927EcC1D15a16C75b
,665,0x272A0F390A38870B4ac449C6F66181b62F6A06D5
,666,0xeD92ad60e0259594B3Db2F242058c2dF035C61Fa
,667,0x9b28d3B2e320fbddD30De2afC8B94F063c62EB97
,668,0xB9851b4798e99a3dFb4DD2e5Ab76677E40697A7E
,669,0xF519f0bd71d6F26426c2baf22627Ca2eb6328774
,670,0x1F55b51Faf73Cdca3d5e4244D5747c8C7CDDEC89
,671,0x1dcEB9BDb293b8061Ee832AE4f8BC6a7178b0bF4
,672,0x0b59Ca152ba2282cDd2b8606759959FDBfCd2779
,673,0xC111B65faa93827A0B504E3FBD0D4c45F0411CD4
,674,0xB5396691F39C0A80272d1D4bc47373d790bd2121
,675,0xd1961c67A3201609d52DED4e0074e5D1B664B50d
,676,0x7Df051cB6f25CD4B6376f6622f21B84a17f5bce0
,677,0x504bae7D518856acDF7102A7e43fa6D34FA9Af78
,678,0xc1D0B4E5170Bf6ECF17b543EAE6B7b5e3a0D146F
,679,0x5045F7ae251d3386ec48a0C9283503eC9B0826f4
,680,0xf8b53253a135e14aed6a948d25de06c0e816df39
,681,0xDA96dA8d4Fe93Eb180008D079871919B0417b92C
,682,0x66a479e7BbD6aA26eDDE3B28b13166d0952246C8
,683,0xBb52cCbAFc91706A0064A338898EeB22c3A2f46f
,684,0xbBd94D2d892B975395aB5214fb8779c6596C9152
,685,0x199f4083962D17CbE39c3113ff2C066F9e99732B
,686,0xF94Db11b8B13a1EaCae00698A927153aa4b71cec
,687,0xdAc37Da2e751EF20405446eB175CCf184C26f79E
,688,0xF28E68dcf9F8CC266afa628C988cdd83E2fDf39f
,689,0x1f280db8b428114CE714308c8b52FbB7e06E228F
,690,0xA66Ca577CBA213223283A5a492A839BC0D0f1FA7
,691,0x357bFA5AA87F3CFde995BDC02fEa98Dd7Dc793C3
,692,0x38403Ac2C6d6E2A7aC24cC38B634B5574b89d5C3
,693,0x64318Ef941DCA41F70e6A891204D2A8781026319
,694,0x2E5748a49B430Dd59C7B86116F2272B850BB6876
,695,0xFbb5975B125F012497B3877687be6ee4bE4bC8BA
,696,0xb202ab72486015c1288e562d59F9ea78a02cBc07
,697,0xB7f4e5274b345DE9315F0E57f084964A06ea8e62
,698,0xdAe44E165751DA8B86EF71bB93A3Ea0c00Ab5Bb4
,699,0x86Bd8074F6C2f1De55b5BD908A19F0003b13bb51
,700,0x734713dE086EEF941fc508D88b527C4528237435
,701,0x8E1Bf94D937056336a768F10dD20cC0EC9b7f512
,702,0x2b09DdA504B3Eb5A077ecEA049458866337b3930
,703,0xC98806e26bD1064Ea098fCe3bB213c8a02E835Df
,704,0xb3febe45AA12F33adC267B78c90E76a654f0ddba
,705,0x42105946CBb253E0D6E6611F5F073818d5a7876A
,706,0x34141D0aD5038a9046f5aac184ea49c1D7e53Cc5
,707,0x99637676e34Cf292B9ADa22D8E6b43eB21bb40Eb
,708,0x34835A76f5182816c12a73c8fDaa43b004dAE764
,709,0xA25fE9a3626A7Ca3ABE3feA3CEBF39998492c5e6
,710,0x2c8Fd89d24d4683Fd2cE37F70c3896D2d3aC5E73
,711,0x5F013C6a0F042A732aFF74878FF07d7a5FF24D5f
,712,0x58022646699a0b82380fa0fa56c884c8c9073977
,713,0x995E140F774F9a4d6844f0Ea72c2A144e58b264c
,714,0x213ffCD74e0361379CF0Cc59B650583c50B182CC
,715,0x75F4988483c944560BFa4b3BAE56Bbd161C5BA4F
,716,0x9319fE7537D7D343D6094636b59f1503891Af276
,717,0x0Edfe3905bdAB92a085d13aD805B6862aE1Ea38f
,718,0x4efd91CDba02D7938A1B859c0164329C200Cc455
,719,0x41B511f1496322EaDC13374f3a70b197040FaEcc
,720,0x4A0541860BBD2689CC93C5af2D665c4bC1af7a1C
,721,0xb89B3835D3c34d15fea8AE6EC37CD1d50CDaA5Cc
,722,0x75d568f0AC7CA0c6D2a341E0cD96b501Ba664730
,723,0xC55Bf2efb4849e1fCc44E247164c0cC32109a1E1
,724,0x0E79c1e2e8BbE0ded65782924467F0e2217e6fF4
,725,0x1EB242bF599aeC8947bDefE0e4349900Ab32B11E
,726,0x189b4556f2484D2167C51DCD773bec687d7EE095
,727,0xb3Db68D5Ac57bAF5Aac6A361b88956E48273dC9b
,728,0x247e44e6aDa904307dc08113e59a09b4DA894d8A
,729,0x9353cF13fa09FDa4CE2763766a174D9E6D9058c1
,730,0x487e02Aa92ef0AD5055A2165B972CC6bEcdd7cF0
,731,0x0E1209686ddbAD49bF42B6Ecf352c080b4ea8352
,732,0x282EbE811aD776536200172A236D38532D564492
,733,0xf26f0CCabb4C6D22B676dc3D8C9100Df971dEf53
,734,0x88d75956f8c13Af615C6D9758Aad0f6095125ae4
,735,0xB4d9A3560E98842f127ED6A92F408EF0A37aA047
,736,0xAc26302B445C0E85c68594425466e4773926EC02
,737,0x705Ed25D43b414dA408175530AdE968646B52557
,738,0x09Dae41c35BB2b20e73253fF075B9Ec8c55716b8
,739,0x8EaF4E537933c5Cd05ffb3cb601053Eb21042aE4
,740,0x8C76f8967a7Cd7cd78568E32bA2B884cF6231088
,741,0x30651600853b055EBCb992A0fD9F11760d6718c6
,742,0x79cf90B61ab9A2ebC51268f4672c558C600cc002
,743,0xA83C506F84F7686757b9EDfaFC3Ce330a5df3AB8
,744,0xc606858d3cfb16c2c850296819f30d3847678Ce1
,745,0x232D85E61467091b41A9601A72d3Caf617675a20
,746,0xfF870ACB568612DE076608336aE44E0Eb63B7618
,747,0xAb06fdb67Eec760a4CF9F35dA70908d8AF598d1D
,748,0x2828ba7Aee87785d58d1F4c15ADd05d6131003F3
,749,0x36D278959e06D12B6B9b60A40A9ef7b7C30c4E03
,750,0x39d18B9414396E80246e9Ca480bD8D1beE3338E4
,751,0x791E725C2465dA3d7403e74330ab6FfD0ba0Fd22
,752,0x0F7B703180FFD94429084AaD09f9f79D6DAc74F5
,753,0x2909917f5Fd6d914eF9865E9602771600f84547E
,754,0x9319980285fE4E9645C007514564B899da42c4e8
,755,0xa9be4a7990e5a2d09f455b6f2a7ac8721569755f
,756,0x89E7C25c289E08727c920D9E2E167E721B2a06F6
,757,0x9E2e88F06d19A1577c8aa0abcC5c02d25A556F03
,758,0xb673cDd37ada99018dd6D59EFD32f43f37b91994
,759,0x0435E7b36Cc6D51274a119b8F08521465eEdad63
,760,0xE77EFADb37c358B73473e15c585bcC36d9d0f6E7
,761,0xb2128e456F060Fde87f4D64F830404a6ad6F6bFb
,762,0x8CAEDd041d7f4F277c2F38e427B94563bA5a6a8a
,763,0xbeB0d193a97ca024399e04464763b207347026e3
,764,0x7AE87370409705b235797F3874b4998c0A79F8e6
,765,0x2Fe3861c9AddbBEbeA06ecfEd5B0E30998Ff2323
,766,0x9f79411A18A0dE12B23729f15345d30374eA9Eea
,767,0xe7F95be1d90Cc8a3Bb57d177005204A6dF4268a6
,768,0x983Db398a9199249B129b47698C0994B5125456b
,769,0xf14C2CDF5294D602ef2142176aA1b299E79E16A9
,770,0xa834Ee1676D7C3022604C1dC880afBDCA94B2cA3
,771,0xc809bDBFd1188CFC9D4222C51086cB8F555BFdd4
,772,0xE6dc598C29819d1F096FA15CbcFa69e11182dB5B
,773,0x0B134f1579082F8Ee05c6474512522426cE31871
,774,0x6Cc88Afd594B5EFec1f0B8d3Fc6A0432478a3C67
,775,0x32210Ff35775A718a71dAC8643b7832f534F7BB0
,776,0x35329530659D33aF7b6dD6287F7c919079E872D2
,777,0x340C995de24155D5920A43F6e6203dA6B55132D7
,778,0xa7F0557C01899c689Ae32f19a15316204A1A7803
,779,0xc1D301787024E14C395F441203c1F3D7E4ce79De
,780,0x6AB36895F05f4D0D3Ca0f3D4FFE2C2C8e8852f6d
,781,0xE17DC049E721C87914e6D37EaF6440d68289171c
,782,0x5656f8167d5cFb4fB5B82F0F56b4b976DC236AB8
,783,0x2764A2F97F126eAE5638fac0DEC9F1F81F339fdE
,784,0x25E3a2891e25Fdf37c47cB446cf13e171B4c117B
,785,0xFCd06164FA8CE53538c6e0A1A41cC86BDbe15365
,786,0x6d14761b2f7180cB554820b04d3f5b35a00d672A
,787,0xB744060E01628f42DeCDf93EF9dF72A18BB5d259
,788,0xD01E6467322f5FFBA9E394Df464af9FF02CBd2aD
,789,0xaC7B114DdcF452C7399B974D8cE34f35255dA0Bc
,790,0xaD6858f7bD567Af7baB8E44365cd84D268B2310F
,791,0xabF9b5798F407beb10BdE4A00F723a4f37F428C7
,792,0x6D3487d813df0c0e44C5A233928fa6374CcA733f
,793,0xd99e855A5bDa4196f3062b233f543F12c0cD685a
,794,0xcd6b54EeE98873f63d05e7b6e32C08c523718046
,795,0xE00fdC4327b2a91AD7eE78216Bffd8bF5e0Ce203
,796,0x82deff3E966D42A00a90D141F362bc0AED095b30
,797,0x28b74932cf78E13D3ad5E60a3AA7a43876D7d4F7
,798,0x63CDa98541693C181B674596504Ba9dbEc17000c
,799,0xf35660252c14598A23A5Ee8d6fD692D27D9D3F2d
,800,0x4F6f1d0d847198327C9ef572DF9170994237F058
,801,0x49b3Fe11D53FC0B0174912253092eB48e85809c9
,802,0xcDd6a859bC4639222E5b533dD2116Feb2044D0F3
,803,0xA322F2977eF7B03F23f3cbA4d7F543C6b059783A
,804,0xF5420585785Ab031F7b693EC57B6293973Cd3119
,805,0xC277EC45eD45ae4527AD3f54D8cE271fFD609953
,806,0x4FBAE6b42cc9D674e1135F3E3dd3b92227496E73
,807,0x6b49B1e66F45316ff423bF616D4601c876858DC9
,808,0x857E3d1E23EeC1D2d470a8e32d54599e0E52951F
,809,0x81b11971f72a75AfF63ec0C77DFf83b1699615A0
,810,0x2dfE3b90F53c54df5B09570Cd995503Ba04F605c
,811,0xbf651A77E10322dfeF6C9Ad3613Ed46d848d2207
,812,0xD617036FD44B14705B55AE546f0427000668b709
,813,0xE77EFADb37c358B73473e15c585bcC36d9d0f6E7
,814,0xC81d8b5E724F3BffE87F0a302C83Fe56d1ab6949
,815,0x59b000158085C47D35aDD0224F1aF86694f11E9d
,816,0x3F08d7DF5825F2b93bd2a04A97096a5F4C1F8e6a
,817,0x0FE0195A4C82081a477b2dEA7a74FBBFA78b0588
,818,0x02B7275442c47bf37130606A5E3bE5a77afBb101
,819,0xDCBAbfCd39Ef2EaDbF0cAC9e6a62DE142aa88057
,820,0x0FE0195A4C82081a477b2dEA7a74FBBFA78b0588
,821,0x02B7275442c47bf37130606A5E3bE5a77afBb101
,822,0xDCBAbfCd39Ef2EaDbF0cAC9e6a62DE142aa88057
,823,0xC11097b86c9A5898cEb224E94F3D0AC22Fd88086
,824,0x7E4343bE69DCBc1eE0683E2072f773c9D0BDE42A
,825,0xc5a47d5b278Df3d4Ad7b4a0eA0CAAaDf813bdF80
,826,0xfe044a45e50c2BB83970F53782e7d56BB8924B05
,827,0xa1c94a52a8e68fc988f70ec3f9a2b8e11c869738
,828,0xbc3f4514c0b904b0c1df04f12cc916d223e1dbc7
,829,0x0f10e689be56c1b86bcbc0bfe90a21ca6d0eccc4
,830,0x987d195a8a6c47c9c3516349e584b005bcd2226d
,831,0xf2d54efbdb0772f3a4b8bac6949c7789c8e171d4
,832,0x30f2c8a3cf75f535649e45f0494ee061fca4d895
,833,0x3cbaedaf32cee5ea5dd816043996001208e84a9a
,834,0x4b03275b26586b7e1f922ff18438c8583ca469a3
,835,0xfa366026a8def1a6dcf752ba52b3d197c26e36e0
,836,0x30f2c8a3cf75f535649e45f0494ee061fca4d895
,837,0x3299c49bda2acc2d98e8a8af144bae879a45c9cc
,838,0xdb76cb7406a77908de5a3006e8275f2cc65f1428
,839,0x7f81da671d99bf047d44ab8460a955ebf5f9ae62
,840,0x8804072f47559b54580ce31e31a19d19bbf0f111
,841,0x1faed244c07bbbc991bdbb9e85d1bdbc2f334817
,842,0x5a2f646b1e6b7182e8c38ed459beeae4b739dc37
,843,0xfeae9fe11170fc19b6f40796fd1debfa360daacc
,844,0x528eba45c0ada549c34217c76774bfadd708e35d
,845,0x6ed14bd05fcfec53593b7b2afa8b8a962b4f083f
,846,0xb9a42ed2c5912cf761f231416fe4990d938ab12a
,847,0xec538f26e6ef943d3e9bb05f68ecdd67b26ab39f
,848,0x71db48108f561c16dd37c14f623e54f4ffb0a5c6
,849,0xdd1455b0c8aeb620bc2337705367ccae60162583
,850,0x8206b73ca6c2575b81fb53c6b7f41049408c13a6
,851,0x5d3d24aca9eac8ae78d72d43e645c50f9cb36e18
,852,0xedcdbf20e591e960169709f6f74a93f6e56523e4
,853,0x7a474410f836722e95a04b19fe16dbfc41b8c133
,854,0xa9f34ab6c0655111557a5f0aa43126be44d414e4
,855,0x22ae75d020b3218ade12450df42fe86d524465ce
,856,0x8b81c7ce155cb5188ede2e77a5efc769a81e763c
,857,0x54fcbf6b3b106cd0ad9f2f2fa2a1eeedbd15852f
,858,0x53156ba1b89462354248b0cceb94a269fbc5bce4
,859,0xadf99a46d536edee8d61e09364e219a0770d91f2
,860,0x76f27f3739df14fb6bb6f69e7cc8246565fbeced
,861,0xf93f39c354d409436f3edca8d23adeaaa5bdd2f8
,862,0x4914058fbb0b8f11c7bbc6d00a7ee9318a704b2a
,863,0xd1a0158b60ef8d6b6bc34ba1812782751bde17db
,864,0xe4600118614a452909c45f6fc004318fc48f5c32
,865,0x4373ab533efeccb8d7223f2ee1403f60b864ef1c
,866,0xfcb38af2ad7e03d71af3f3c01de51e7c942a6cfc
,867,0xb61d2757de108ca33725e84eab6a88ed453496eb
,868,0xfc44c6a99cb1fc8f2cba14a097c33f450c3712ba
,869,0xfd37a384710f3f25be046d1dd158dbf089fd3a63
,870,0xd2d43d5f6e1bc0b429e19b6975bd844340319b7c
,871,0x73ef6eee27f7fc03709276230d38be8804e28b25
,872,0x5342712163626f9d7a787e88de68e49e03b3be2e
,873,0x5251ffbacc07242391080d973152d92aa84e8a57
,874,0xb0aa09d37be47e647b7020e47b826093cfdc7e96
,875,0x0be8ad2dfee7f1a3fd8f7af66b4ac6e92f31d219
,876,0x437f0a29f622972d8256715ead84913f55a4e953
,877,0x67198d2aac64d709c3bd3bf0ba161e19d9ecb8fa
,878,0xd29be4885e53bb300a2fdcc6b4793aeb3ef90da2
,879,0x2556174291310551be128f21ce284c4ffce07585
,880,0xe82b53df132a2f2f8a8e5efc911285cc686f2b6f
,881,0x8bed51a6fefafcad2ff77b8909c1ce5471914385
,882,0x7982534213309c100ee4c15803413ad7d183b2cf
,883,0xdea7b02afb47802a38196788267a865a041c5c22
,884,0x028ca9e85fd04c1647849bc1c38068babc41013c
,885,0x0d832029fe6b4a00f12bd7812552a90446f55f45
,886,0xd6410c0ab40cc394f8494eefa997296d5fd79d01
,887,0x7c6ee0b886eabf1c2c0c2f7238de0a22c5f932db
,888,0x46c866caf5a718ab3ef9096ca437df8843ee3d8e
,889,0x0225f21d70607bdbea19e9de7cb0308e606633d0
,890,0xa874dcbf680f4357b1144c56c29eb2950d75cdb2
,891,0xff0cc3e28697e8e0ea0e6fbada860d0d760577c6
,892,0x295fbada2a1fbf7aa4a6d2c8a395a56a448afa63
,893,0xea9d0c91908a60fb3358513d04a308e615be05b6
,894,0x231a0bf90ee4a04d22bc3e89dd103a332ba4aef1
,895,0x18870500658ed26852d661f74cbe96cc379f214b
,896,0x6b81ea1d1af42f9efaa40954643ee0fe2e4532bf
,897,0x6ff4cd1ac4b9db38148c1e4b2a825ba3aa091192
,898,0x69adadf6e67a4b890a89a9e505ecb63992af4981
,899,0xd8c8a4050e664d3f8e7e2de42a8dc890f7adc1e8
,900,0x675dd1902ad27ccd60305d3bce15fe95893f638b
,901,0x1ffb3d2785b5c08d3a7aec8a8e87a6f4cdcb8b3d
,902,0x3567324b39c67efca0d6a84cb665ac9c12e6fdd4
,903,0xc469de0af1760dbd5bc62b05e80a19322e26cad2
,904,0xff008c85233e5fbb30faf7bf9094d01868e53ff2
,905,0xd3e05306f6f8beb9bf51fee89c7a86e4344c8b4d
,906,0xc052444783c4a9687271655ae0bd98b9498bc74a
,907,0xa9183eafda1c7c812a9dd7d9eb093f2e229f8eb7
,908,0x46b317a6fedc31e151db696650b5388a3a40b765
,909,0x0c2f5a5931a9cd50c9d22832bd5748a6fee5f849
,910,0x8c116398359539c636d6c21aed89105eb7b046cb
,911,0x9a1d1a5a6d0db16def377653faa497c25b9d2ed6
,912,0x255f2007426f9f24bfa09e51ca41f8509865dbba
,913,0xef774427c8677cd6d45c18a8904698e8be0e5a10
,914,0xbf3fe36fa66e1d44270b9fb998e30d7f74b00cf4
,915,0x75f119589d1ed65effe909ee910a8200f04797d3
,916,0xb88e243abbd307fc2bc0490fad5e5652ff1add0e
,917,0xebddc0b5fbfb30f2802ab8ef817062c1500334b1
,918,0x0d38213f35178f4671ddb7012025dee7e1e3aa6a
,919,0x25808d1e8b5f217d00e26821c888509f3b89b14a
,920,0xd614a153ab3812390f9610641a7ca5dd741fa156
,921,0x45dfcaa8cb80b6399ee56d77c60733f7a65984d6
,922,0xd3dbce32839a0c319f6c5553678017a90dc227d8
,923,0x058132d1641c564095f3774d5b40e41118dd4b15
,924,0xc638d2ee569d8b641f73712c42bb68548fd02df2
,925,0x60007fb43271e42490d295e32ed47aa302036737
,926,0x1e8d764861b5ec3b2974063048da8884c08191ea
,927,0x181a32fe617050d24471596654961534dbf36f3f
,928,0x9ecd47914e4e0b16b3ab12e20abb0976116386db
,929,0xc575c0785cbb24f0b88a804445b060393fa8ad3e
,930,0x2caa0a493605fa1d81ca3087c9f57bf2e441f1ea
,931,0x1af8f0111d8a8da5459f37b4f248988db22561db
,932,0xb3d00cdf6012db1e935ec5aeaa8360af2533d5f7
,933,0x2f5cc8bf1b9d5e2928beee5e350d79f107439820
,934,0x10472fea972d9dde0c7ef98bd81209a4e4d13277
,935,0xdc8cc748018b0f3723a11ebc0cf0e464b188aced
,936,0x1781e0af5006a6bae5581b2f3bd9e1782a2ce0ed
,937,0x7853e7af1d039e7bb22ae235f3016a54a57c00fd
,938,0x0d176981c09c0520c3698fb14a55b840c443b9db
,939,0x53ba58129c4a08572c3e0a5f3fcffc0a833689dd
,940,0x67ef015da7fe1f8b0ce4f28f131b59b73f416f03
,941,0x15422fe88a90070c4095648992084611940eb2e6
,942,0xf2073e1290915a86d65c0d7dadcdfec3cc502ffa
,943,0xf17ff67192ad3da0791f11dfdc208e6299f21bb4
,944,0x4313a810c6a031c5ed0a819605c73e3a6b5561ac
,945,0x7c69b1e78e2ce493f9b33e523df2864873beb1e4
,946,0xcffea1329caeaf9762496746dcc5a20add84641d
,947,0xa632a552c99dc51d4927f538318c034050059e92
,948,0xa2436200b71dd5a7672085f171df884d97893ec2
,949,0x33d105192d26bbd191972c057cf212f4c809f406
,950,0x0cf254644b1a77feb10e9b05d8011bb66940b1d7
,951,0x51fe796ad021ea68f7c5c3d001d57580cd196df7
,952,0x2d62c27ce2e9e66bb8a667ce1b60f7cb02fa9810
,953,0xe0a20b13952692bd13924fd9d0048c3b20e13262
,954,0x2ddd22c0a37e11525c20b4e5e2ec7d464da2bc01
,955,0x30651600853b055ebcb992a0fd9f11760d6718c6
,956,0x60d166136cc124ee9cfd224ef62ea5e64430924b
,957,0x534852702136a3e41bade11c31f53313c5969768
,958,0x59a9a981eadc820d25beadd361c970d2569d26cf
,959,0x4253d0e24323deb74f404988fdf2ccac7992acdb
,960,0xdb3b1f69259f88ce9d58f3738e15e3cc1b5a8563
,961,0xae85fb2007449ebed4c4fae062ea9d0a5d989e80
,962,0xee04aff62fc896cd8ce13a320b483c7841e051ff
,963,0x7f594c516b40e3afc8abea53e1457772159be413
,964,0xecc091de91369b1e290e7e04c8184e1f467cbbc7
,965,0xeeba9bc5571b43f1ca69ff6b34b5f26f8b1b2151
,966,0x13f72e513b8f50450550db21d233d45496c33bef
,967,0x8c43b8dc738247cfa59c42253582eb9825c98cf1
,968,0x98f35c7990a4bc7337186fcf9759fc242be9e7a5
,969,0x196277aeacd1f3e6232d24ef9a39a646a73b7b11
,970,0xaa643f1986ec4b2e3346311e4bcc8eb6a2ba33c1
,971,0xa83c506f84f7686757b9edfafc3ce330a5df3ab8
,972,0xee042a508848a5a0c55a6a22328a3e55d0b8717f
,973,0x95062d47863f105c4e5cb9e387d27ce7fbaf700f
,974,0xedadf38b405d207b46dee082a74b680441bd35d5
,975,0xb631bbefc3e8c052084e0944525f71299cf08f3d
,976,0x6b2c9d575165a56c6d27c72bdd1d0019fc64c352
,977,0xb67f64fb25b930b8d705e75b62ec3584e937bde0
,978,0xf217f9634962f47af865a67ee2e7ab7738adf1b4
,979,0x33ced8d77cedc71ff53f266704649dba08dbdef0
,980,0x5fc762e3860b491fd2aa2260c6592b7fa1fcb121
,981,0x7e99ed13bc30de3d63a0b84a5f2aceb5ce3228a5
,982,0xabd6930d0ae90270cc292451f15362e709538902
,983,0x12d6ce49d1829b1e01817205761fb0c68925a025
,984,0xb054c460d9d6f817a18c90268a10a3b21f9968ba
,985,0xed72701e49f9108003e13771e9778d7d96a620e3
,986,0x5f494a30f1b71b748b71939c18446288168cdaab
,987,0xc4a685d7080fa4783c1babb45b02908fded4e03c
,988,0xe8b2e0a9e97913b92a0760454854c4d02e071302
,989,0x832519840a007961c5639643f74886872d11acf2
,990,0x80133b42f8cc168b468d2a9ec9783ff034c5202e
,991,0xb41ad9c6c435cbbb9e94e41684e4821c3bc88f52
,992,0x4d7801d21088acb9d7311ca815612b35fdfd3623
,993,0x9b96fbf923bfe5da59d3f801677ed58d85fb38a8
,994,0x03754f555991790b92355384b370cfd240f41630
,995,0x50338879fc1335f9b86c7beccfc1241698827daa
,996,0x99aa1be2d862112a8621610c247f0f975067e7d2
,997,0x0e5ca4c7dec0c0b5fae07495e385bfc9ad5bcd30
,998,0xb1feeebdeca9f18071163c627b6bea39440ab33f
,999,0x3358549b372a13d197a8af5a6ec6e89a9f359f5f
,1000,0x0acb7cdbceb3e56172c579062da1b6a0e4999a01
,1001,0x38e35b627ed71ea1ceb56d18552beb55bf4b39bf
,1002,0x3227b537ec7fd25d2a76b9eaa591ffa4b5e5e298
,1003,0xa3dad9fa785ae63af5aefd337875cf06cec559f7
,1004,0xe83c64c02307d8196a4e030ac0c756ce8f9569f1
,1005,0xb25353525ac9a83b04a855e4b36526df999e7702
,1006,0x02b7275442c47bf37130606a5e3be5a77afbb101
,1007,0x4180df94913b25ba7fb6d20a5d87c33055104726
,1008,0x079583668b2515818fcab375d357e9e211351466
,1009,0xf255bfd88e3974e0a67cb9312666d3cd2da7b9df
,1010,0x5468dc442f5fb4eaad8f1325f212f9d6512cea25
,1011,0xfca7a42da82b8eff1092e33e3963a730b289c37d
,1012,0xbbc18c005706ef607b969938475216aab924a511
,1013,0x6a1f22e973dd1ae04f1bb44de327a8e9104703d5
,1014,0xb40491296a2b8e7fb5d9d7c840d3f760f08be5e2
,1015,0xcf203e4ce515dec1354b949362073d0537034076
,1016,0x41b943f272c65f8f27b83dc78386fc7b9ef215d7
,1017,0x44a82977f3b357edfee04231077f990d291735c3
,1018,0xbf4a92c93f445330dfe66853e2caa2cb741a4877
,1019,0xdea797c2dd5dd23f57cf5afeaf13d29f1971d135
,1020,0x1ff562a179b934bc4bffe8439c519f651a841cd9
,1021,0xb76187311418dcfc1eabd55a0e3bc575ea0dffed
,1022,0xe5913c247f166269d3b3aa24462a4a0cdd32b780
,1023,0xe9ef9234fa9d0585e5f153420386c92653e2fc65
,1024,0xd120954ffeff2627680f48f50eb75831594b4ed9
,1025,0x5ad5c5c178300ef5004a16bebadaa1d58bb6dfc0
,1026,0xd570246374016941af781f8e208c30aa2426915c
,1027,0x4dfcd0cb1c62468271837a69faacf95e6f062f14
,1028,0xc2c599baccaed8742893a1e50932e15c9afa5e2f
,1029,0xfb22db8b47d943fe37eac85b5a612b3ed0663148
,1030,0x4c32642a5A36c1Ca3a120C72A8A28354E0ff9853
,1031,0x06eDd7936cF6ECb58C557aF019E78E3B5bB6F7AA
,1032,0xB6A5D39Cdd52EA1be306AC0d65641e898043EeFc
,1033,0x227ff7368010f8943b5d02298035df446a05284c
,1034,0x9F56CAb8Fe6fBB38C80DEE6BDe1aECceFcDb2fF6
,1035,0xC151888898cee001b88E350d83CA12026787e930
,1036,0x4BEa6Ca6e46699A7560434801951316937Be101F
,1037,0x8662332825B6F677E99763546aDcF5f40E269bd3
,1038,0x219FF4fD3706de86D1D7049edb62DB658Ef0EDE1
,1039,0xdEec33662a613c551809815ca719338b775890FD
,1040,0x8FFAE1646ABd6c139deDe03ac80D9D85737C9114